{
  "train_loss": [
    0.3318627675374349,
    0.3348616361618042,
    0.3104886809984843,
    0.2925892372926076,
    0.25588101148605347,
    0.22803722321987152,
    0.18057838082313538,
    0.15624730785687765,
    0.12914486229419708,
    0.117987093826135,
    0.10631694147984187,
    0.10081481436888377,
    0.09201375146706899,
    0.0890469600756963,
    0.09000631670157115,
    0.07558622459570567,
    0.07363082220156987,
    0.07736704250176747,
    0.07328588018814723,
    0.0690352867046992,
    0.07548669974009196,
    0.07623838633298874,
    0.07435183723767598,
    0.07267344494660695,
    0.06549183279275894,
    0.06715826814373334,
    0.0749249408642451,
    0.07741564760605495,
    0.07103562851746877,
    0.07041943569978078,
    0.07472515602906545,
    0.07323287179072697,
    0.06967296451330185,
    0.06874485810597737,
    0.07058412581682205,
    0.07603367666403453,
    0.07579038292169571,
    0.07749048868815105,
    0.06257949521144231,
    0.07835415005683899,
    0.07528323183457057,
    0.06763505190610886,
    0.0663825124502182,
    0.07651474078496297,
    0.07687921077013016,
    0.06741690387328465,
    0.06859700878461202,
    0.07597864915927251,
    0.07709831247727077,
    0.07177198926607768
  ],
  "val_loss": [
    0.2936531901359558,
    0.3176972270011902,
    0.2848769724369049,
    0.22957250475883484,
    0.2294217348098755,
    0.19316647946834564,
    0.15605171024799347,
    0.13547158241271973,
    0.12176895141601562,
    0.09475183486938477,
    0.08730017393827438,
    0.08677425980567932,
    0.08287466317415237,
    0.07635550945997238,
    0.07629377394914627,
    0.0659450963139534,
    0.08160339295864105,
    0.07167445123195648,
    0.08324846625328064,
    0.07952234148979187,
    0.06807015836238861,
    0.0616641566157341,
    0.060125965625047684,
    0.07175460457801819,
    0.07167872041463852,
    0.07820698618888855,
    0.06741554290056229,
    0.07310955971479416,
    0.0713169127702713,
    0.059381164610385895,
    0.07116749882698059,
    0.06308578699827194,
    0.07266589254140854,
    0.08623906224966049,
    0.05940156802535057,
    0.06689063459634781,
    0.0934852734208107,
    0.07973520457744598,
    0.06659504026174545,
    0.05500759929418564,
    0.07771247625350952,
    0.06639121472835541,
    0.06955432891845703,
    0.05740370228886604,
    0.0860031396150589,
    0.0829966738820076,
    0.059538889676332474,
    0.06913677603006363,
    0.0750170424580574,
    0.061863984912633896
  ],
  "lr": [
    1.4472088841534572e-05,
    4.1318995170096916e-05,
    7.282641947764279e-05,
    9.524650565931613e-05,
    9.998646211312485e-05,
    9.97835403983321e-05,
    9.933807925332255e-05,
    9.865224892001708e-05,
    9.772939069486016e-05,
    9.657400065035934e-05,
    9.519170773067204e-05,
    9.358924632795538e-05,
    9.177442347308454e-05,
    8.975608080058309e-05,
    8.754405147306838e-05,
    8.514911227507161e-05,
    8.2582931109627e-05,
    7.985801015342097e-05,
    7.698762494744407e-05,
    7.398575971988968e-05,
    7.086703925640001e-05,
    6.76466576495805e-05,
    6.434030427490797e-05,
    6.0964087353670326e-05,
    5.753445547533171e-05,
    5.4068117461657986e-05,
    5.05819609630167e-05,
    4.7092970183441996e-05,
    4.3618143135299845e-05,
    4.01744088266804e-05,
    3.6778544784972314e-05,
    3.344709531843568e-05,
    3.0196290913995367e-05,
    2.7041969163940084e-05,
    2.3999497606764813e-05,
    2.108369885806791e-05,
    1.8308778396257964e-05,
    1.56882553548909e-05,
    1.3234896658810183e-05,
    1.0960654824972375e-05,
    8.87660973098594e-06,
    6.992914635061318e-06,
    5.318746710357457e-06,
    3.862262334716756e-06,
    2.6305573536120428e-06,
    1.629632509900703e-06,
    8.643642088086795e-07,
    3.3848076057439724e-07,
    5.4544216496039406e-08,
    1.3937886875150195e-08
  ]
}