{
  "train_loss": [
    0.34330035249392193,
    0.2911009192466736,
    0.24203423162301382,
    0.22508307794729868,
    0.18423685928185782,
    0.17887931565443674,
    0.15520085394382477,
    0.14344705641269684,
    0.13923694690068564,
    0.14586984117825827
  ],
  "val_loss": [
    0.2827301621437073,
    0.23872143030166626,
    0.18643496930599213,
    0.18689878284931183,
    0.16455991566181183,
    0.16240626573562622,
    0.15383251011371613,
    0.16070397198200226,
    0.14733439683914185,
    0.13348455727100372
  ],
  "lr": [
    9.96619192394256e-05,
    9.468165328964255e-05,
    8.431214464510911e-05,
    6.980410908600463e-05,
    5.290742981655801e-05,
    3.5660095725092045e-05,
    2.0142389846579045e-05,
    8.22597652691547e-06,
    1.3481510799829258e-06,
    3.3848076057439724e-07
  ]
}