{
  "train_loss": [
    0.50849249958992,
    0.47616682946681976,
    0.442812979221344,
    0.3851061165332794,
    0.3734739422798157,
    0.35961902141571045,
    0.3316844403743744,
    0.32016055285930634,
    0.3049228936433792,
    0.2982417643070221
  ],
  "val_loss": [
    0.5504079461097717,
    0.447694331407547,
    0.4206276535987854,
    0.3724074363708496,
    0.3532578945159912,
    0.3018432557582855,
    0.3433021008968353,
    0.3003270924091339,
    0.3150041103363037,
    0.3084007501602173
  ],
  "lr": [
    9.92403906890598e-05,
    9.330129698414118e-05,
    8.213945192680503e-05,
    6.710113876225479e-05,
    5.00002e-05,
    3.289926123774523e-05,
    1.786094807319497e-05,
    6.6991030158588215e-06,
    7.600093109402015e-07,
    7.600093109402015e-07
  ]
}