{
  "train_loss": [
    0.3421844244003296,
    0.3052809039751689,
    0.2499289115269979,
    0.2125012477238973,
    0.183558722337087,
    0.17302115261554718,
    0.16469059387842813,
    0.14601565897464752,
    0.14887998004754385,
    0.15474490821361542
  ],
  "val_loss": [
    0.2811759412288666,
    0.2183898687362671,
    0.21542389690876007,
    0.20895026624202728,
    0.13967669010162354,
    0.13952259719371796,
    0.14445844292640686,
    0.14831535518169403,
    0.12862750887870789,
    0.17761585116386414
  ],
  "lr": [
    9.96619192394256e-05,
    9.468165328964255e-05,
    8.431214464510911e-05,
    6.980410908600463e-05,
    5.290742981655801e-05,
    3.5660095725092045e-05,
    2.0142389846579045e-05,
    8.22597652691547e-06,
    1.3481510799829258e-06,
    3.3848076057439724e-07
  ]
}