{
  "train_loss": [
    0.338738277554512,
    0.31045256555080414,
    0.30345746874809265,
    0.26391687989234924,
    0.22827574610710144,
    0.22161637991666794,
    0.21113037317991257,
    0.21096014231443405,
    0.23360009491443634,
    0.18098102509975433
  ],
  "val_loss": [
    0.3119940161705017,
    0.22707192599773407,
    0.23643523454666138,
    0.22764058411121368,
    0.19231277704238892,
    0.20355379581451416,
    0.18052341043949127,
    0.1750866025686264,
    0.20136551558971405,
    0.20356996357440948
  ],
  "lr": [
    9.92403906890598e-05,
    9.330129698414118e-05,
    8.213945192680503e-05,
    6.710113876225479e-05,
    5.00002e-05,
    3.289926123774523e-05,
    1.786094807319497e-05,
    6.6991030158588215e-06,
    7.600093109402015e-07,
    7.600093109402015e-07
  ]
}