{
  "train_loss": [
    0.3481540083885193,
    0.2980225781599681,
    0.251612385114034,
    0.2281585286060969,
    0.18717310825983682,
    0.16819911201794943,
    0.15758082270622253,
    0.15968623260656992,
    0.16639316082000732,
    0.15326807896296182
  ],
  "val_loss": [
    0.31194767355918884,
    0.25592339038848877,
    0.2129703313112259,
    0.19276531040668488,
    0.17225725948810577,
    0.1569022238254547,
    0.17289066314697266,
    0.16441313922405243,
    0.14928342401981354,
    0.14693552255630493
  ],
  "lr": [
    9.96619192394256e-05,
    9.468165328964255e-05,
    8.431214464510911e-05,
    6.980410908600463e-05,
    5.290742981655801e-05,
    3.5660095725092045e-05,
    2.0142389846579045e-05,
    8.22597652691547e-06,
    1.3481510799829258e-06,
    3.3848076057439724e-07
  ]
}