{
  "train_loss": [
    0.5306620001792908,
    0.4862815737724304,
    0.5411075353622437,
    0.5696073174476624,
    0.5115671157836914,
    0.4973663091659546,
    0.4990450143814087,
    0.5136722326278687,
    0.5198262929916382,
    0.494246244430542
  ],
  "val_loss": [
    0.4919174015522003,
    0.4723223149776459,
    0.5223349332809448,
    0.4609784483909607,
    0.5112443566322327,
    0.4873695969581604,
    0.455498605966568,
    0.5791223645210266,
    0.4751701354980469,
    0.44705039262771606
  ],
  "lr": [
    4e-06,
    4e-06,
    4e-06,
    4e-06,
    4e-06,
    4e-06,
    4e-06,
    4e-06,
    4e-06,
    4e-06
  ]
}