{
  "train_loss": [
    0.9264310002326965,
    0.8885274529457092,
    0.8546185493469238,
    0.9093038439750671,
    0.9926955699920654,
    0.9797051548957825,
    1.0099687576293945,
    0.7882544994354248,
    0.9232335686683655,
    0.897522509098053
  ],
  "val_loss": [
    1.1586041450500488,
    0.9560256004333496,
    1.2105274200439453,
    1.146321177482605,
    1.1423735618591309,
    0.8121837377548218,
    1.134697675704956,
    0.8054260015487671,
    1.127405047416687,
    1.123892068862915
  ],
  "lr": [
    4e-06,
    4e-06,
    4e-06,
    4e-06,
    4e-06,
    4e-06,
    4e-06,
    4e-06,
    4e-06,
    4e-06
  ]
}