{
  "train_loss": [
    0.23376836876074472,
    0.21816703180472055,
    0.1975799798965454,
    0.18208199739456177,
    0.16229253013928732,
    0.1407301276922226,
    0.11330856879552205,
    0.0991238181789716,
    0.0849548801779747,
    0.07811270902554195,
    0.07086668411890666,
    0.06861881787578265,
    0.07005582998196284,
    0.06129817416270574,
    0.06478544200460117,
    0.05738843480745951,
    0.059555611262718834,
    0.06039688612023989,
    0.06251049786806107,
    0.05943960572282473,
    0.06240394959847132,
    0.06253297378619511,
    0.060034586737553276,
    0.05531268318494161,
    0.05625603844722112,
    0.056954904148976006,
    0.056674922506014504,
    0.059413799395163856,
    0.060113457341988884,
    0.06105492760737737,
    0.060169123113155365,
    0.054524107525746025,
    0.05415935814380646,
    0.06062018374602,
    0.052642859518527985,
    0.05789058407147726,
    0.05878293514251709
  ],
  "val_loss": [
    0.21555785834789276,
    0.20142163336277008,
    0.18525607883930206,
    0.1575828492641449,
    0.13110114634037018,
    0.11021849513053894,
    0.09832201898097992,
    0.08047296106815338,
    0.08552760630846024,
    0.06171776354312897,
    0.07472798973321915,
    0.06833983212709427,
    0.07674594968557358,
    0.07334460318088531,
    0.058220647275447845,
    0.06200120970606804,
    0.053648173809051514,
    0.06446564942598343,
    0.06869237124919891,
    0.06858212500810623,
    0.07148419320583344,
    0.0602526031434536,
    0.0760902464389801,
    0.06475930660963058,
    0.05949365720152855,
    0.0781131312251091,
    0.050337132066488266,
    0.06448047608137131,
    0.06462891399860382,
    0.06348860263824463,
    0.055508341640233994,
    0.0539894700050354,
    0.06873895227909088,
    0.06420180946588516,
    0.07317875325679779,
    0.06312914937734604,
    0.058500736951828
  ],
  "lr": [
    1.4472088841534572e-05,
    4.1318995170096916e-05,
    7.282641947764279e-05,
    9.524650565931613e-05,
    9.998646211312485e-05,
    9.97835403983321e-05,
    9.933807925332255e-05,
    9.865224892001708e-05,
    9.772939069486016e-05,
    9.657400065035934e-05,
    9.519170773067204e-05,
    9.358924632795538e-05,
    9.177442347308454e-05,
    8.975608080058309e-05,
    8.754405147306838e-05,
    8.514911227507161e-05,
    8.2582931109627e-05,
    7.985801015342097e-05,
    7.698762494744407e-05,
    7.398575971988968e-05,
    7.086703925640001e-05,
    6.76466576495805e-05,
    6.434030427490797e-05,
    6.0964087353670326e-05,
    5.753445547533171e-05,
    5.4068117461657986e-05,
    5.05819609630167e-05,
    4.7092970183441996e-05,
    4.3618143135299845e-05,
    4.01744088266804e-05,
    3.6778544784972314e-05,
    3.344709531843568e-05,
    3.0196290913995367e-05,
    2.7041969163940084e-05,
    2.3999497606764813e-05,
    2.108369885806791e-05,
    1.8308778396257964e-05
  ]
}