{
  "train_loss": [
    0.21935516595840454,
    0.20338770747184753,
    0.17745570838451385,
    0.1663818582892418,
    0.1457848697900772,
    0.131966732442379,
    0.1316264271736145,
    0.12214591354131699,
    0.12110168114304543,
    0.11658640578389168
  ],
  "val_loss": [
    0.18689917027950287,
    0.18560673296451569,
    0.18047848343849182,
    0.1357431709766388,
    0.1689334660768509,
    0.14395199716091156,
    0.13341118395328522,
    0.12109822034835815,
    0.12303761392831802,
    0.11509326845407486
  ],
  "lr": [
    9.92403906890598e-05,
    9.330129698414118e-05,
    8.213945192680503e-05,
    6.710113876225479e-05,
    5.00002e-05,
    3.289926123774523e-05,
    1.786094807319497e-05,
    6.6991030158588215e-06,
    7.600093109402015e-07,
    7.600093109402015e-07
  ]
}