{
  "train_loss": [
    0.22693820297718048,
    0.21726031601428986,
    0.21191798150539398,
    0.19603876769542694,
    0.19673234224319458,
    0.18754586577415466,
    0.1729459911584854,
    0.17896053194999695,
    0.16763553023338318,
    0.14106620848178864,
    0.1501612514257431,
    0.1341269612312317,
    0.13264891505241394,
    0.12794825434684753,
    0.1145227923989296,
    0.1058785691857338,
    0.10797468572854996,
    0.10290637612342834,
    0.09446123242378235,
    0.09294331073760986,
    0.08263785392045975,
    0.0902160108089447,
    0.0785532146692276,
    0.07453736662864685,
    0.07970274984836578,
    0.0736909806728363,
    0.0898401066660881,
    0.07407712936401367,
    0.07920034229755402,
    0.07376983761787415,
    0.07863672822713852,
    0.07128707319498062,
    0.06878037005662918,
    0.07378988713026047,
    0.06665858626365662,
    0.07297435402870178,
    0.07999329268932343,
    0.0729069635272026,
    0.06999828666448593,
    0.06445001810789108,
    0.06996762752532959,
    0.07405209541320801,
    0.06755132973194122,
    0.07285935431718826,
    0.06336800754070282,
    0.06002797186374664,
    0.06805595010519028,
    0.06908094882965088,
    0.06902184337377548
  ],
  "val_loss": [
    0.18986348807811737,
    0.2072630375623703,
    0.21382538974285126,
    0.16245195269584656,
    0.15160301327705383,
    0.150005504488945,
    0.13366971909999847,
    0.14878115057945251,
    0.1334083080291748,
    0.09680505096912384,
    0.11049386858940125,
    0.10857614129781723,
    0.10319476574659348,
    0.15076909959316254,
    0.13637079298496246,
    0.08446695655584335,
    0.10180065780878067,
    0.07014907151460648,
    0.06909645348787308,
    0.08476335555315018,
    0.07390457391738892,
    0.08585039526224136,
    0.06940174847841263,
    0.06233078986406326,
    0.09972880780696869,
    0.04121651127934456,
    0.06921254098415375,
    0.0976630225777626,
    0.10854613035917282,
    0.10290224850177765,
    0.10081353038549423,
    0.03791661560535431,
    0.06561154872179031,
    0.04771150276064873,
    0.0799546092748642,
    0.0442679226398468,
    0.04031709209084511,
    0.08974941074848175,
    0.03502923622727394,
    0.07201965898275375,
    0.047015100717544556,
    0.04987568035721779,
    0.03868040814995766,
    0.08894743770360947,
    0.06339863687753677,
    0.08928602188825607,
    0.043896619230508804,
    0.05008117854595184,
    0.041085876524448395
  ],
  "lr": [
    1.8058874503045725e-05,
    5.2000000000000004e-05,
    8.594112549695428e-05,
    0.0001,
    9.987820300018117e-05,
    9.951340538346477e-05,
    9.890738440717014e-05,
    9.806309254457676e-05,
    9.698464310077126e-05,
    9.567729017303851e-05,
    9.414740305342778e-05,
    9.240243519820206e-05,
    9.045088791534851e-05,
    8.830226894706027e-05,
    8.596704614897249e-05,
    8.345659649182164e-05,
    8.078315063398786e-05,
    7.795973333495665e-05,
    7.50001e-05,
    7.191866966522452e-05,
    6.873045474947693e-05,
    6.54509879153485e-05,
    6.209624639560426e-05,
    5.8682574153710996e-05,
    5.5226602257690024e-05,
    5.174516785522572e-05,
    4.825523214477431e-05,
    4.477379774230999e-05,
    4.131782584628902e-05,
    3.7904153604395745e-05,
    3.454941208465151e-05,
    3.126994525052308e-05,
    2.8081730334775483e-05,
    2.5000300000000012e-05,
    2.2040666665043362e-05,
    1.9217249366012153e-05,
    1.654380350817838e-05,
    1.4033353851027519e-05,
    1.1698131052939729e-05,
    9.549512084651507e-06,
    7.5979648017979335e-06,
    5.852996946572223e-06,
    4.32310982696148e-06,
    3.0157568992287413e-06,
    1.937307455423243e-06,
    1.0930155928298623e-06,
    4.869946165352303e-07,
    1.221969998188421e-07,
    3.9999999999999996e-10
  ]
}