{
  "train_loss": [
    0.3319188058376312,
    0.29452744126319885,
    0.2928099185228348,
    0.25042665004730225,
    0.23364685475826263,
    0.21125023066997528,
    0.20027422159910202,
    0.1953822746872902,
    0.20180246978998184,
    0.19717080146074295
  ],
  "val_loss": [
    0.2830047607421875,
    0.2539828419685364,
    0.23118799924850464,
    0.18685385584831238,
    0.21917392313480377,
    0.215262308716774,
    0.1983696073293686,
    0.18224051594734192,
    0.1873110830783844,
    0.18879498541355133
  ],
  "lr": [
    9.92403906890598e-05,
    9.330129698414118e-05,
    8.213945192680503e-05,
    6.710113876225479e-05,
    5.00002e-05,
    3.289926123774523e-05,
    1.786094807319497e-05,
    6.6991030158588215e-06,
    7.600093109402015e-07,
    7.600093109402015e-07
  ]
}