{
  "train_loss": [
    0.3591335900127888,
    0.4271930195391178,
    0.2817824650555849,
    0.2205527499318123,
    0.1936889924108982,
    0.13647422939538956,
    0.12061085924506187,
    0.1208367720246315,
    0.12173448503017426,
    0.10641878563910723,
    0.1018590871244669,
    0.10017289593815804,
    0.09081593807786703,
    0.1022801180370152,
    0.10328474640846252,
    0.10363275650888681,
    0.1333909733220935,
    0.11166442465037107,
    0.10142892086878419,
    0.10338091710582376,
    0.09438705211505294,
    0.1060131462290883,
    0.10949061531573534
  ],
  "val_loss": [
    0.4073208272457123,
    0.34874430298805237,
    0.2904285192489624,
    0.24662543833255768,
    0.09515825659036636,
    0.13402658700942993,
    0.21418708562850952,
    0.13397544622421265,
    0.07697318494319916,
    0.08741259574890137,
    0.13939258456230164,
    0.10377060621976852,
    0.0752989649772644,
    0.12676121294498444,
    0.12722650170326233,
    0.12680639326572418,
    0.15104462206363678,
    0.15540346503257751,
    0.13327427208423615,
    0.1264568567276001,
    0.10979248583316803,
    0.09220901131629944,
    0.08367478102445602
  ],
  "lr": [
    1.3626747356631938e-05,
    3.8645561732010265e-05,
    6.902103457804171e-05,
    9.256912410610215e-05,
    9.999809616082395e-05,
    9.984586730318967e-05,
    9.945079536492318e-05,
    9.881480509679525e-05,
    9.794099497946269e-05,
    9.683362212798204e-05,
    9.549808155157299e-05,
    9.394087986967573e-05,
    9.216960361235513e-05,
    9.019288225948874e-05,
    8.802034619880843e-05,
    8.566257980761927e-05,
    8.313106988677725e-05,
    8.043814969815023e-05,
    7.759693887820585e-05,
    7.462127952046135e-05,
    7.15256687381954e-05,
    6.832518803596952e-05,
    6.503542983405376e-05
  ]
}