{
  "train_loss": [
    0.21697490413983664,
    0.18642503519852957,
    0.15191044906775156,
    0.13814116020997366,
    0.11610388507445653,
    0.10300991435845692,
    0.10245196769634883,
    0.09672068307797115,
    0.09702970832586288,
    0.09013130764166515
  ],
  "val_loss": [
    0.2012064903974533,
    0.164236918091774,
    0.13074341416358948,
    0.10137064754962921,
    0.09631945192813873,
    0.09860881417989731,
    0.10025360435247421,
    0.07856135070323944,
    0.09644313901662827,
    0.09138108044862747
  ],
  "lr": [
    9.96619192394256e-05,
    9.468165328964255e-05,
    8.431214464510911e-05,
    6.980410908600463e-05,
    5.290742981655801e-05,
    3.5660095725092045e-05,
    2.0142389846579045e-05,
    8.22597652691547e-06,
    1.3481510799829258e-06,
    3.3848076057439724e-07
  ]
}