{
  "train_loss": [
    0.5272509157657623,
    0.47165630757808685,
    0.43945035338401794,
    0.3901393264532089,
    0.38180047273635864,
    0.33938363194465637,
    0.3339907079935074,
    0.3077477812767029,
    0.32919570803642273,
    0.30978453159332275
  ],
  "val_loss": [
    0.4716070294380188,
    0.43952476978302,
    0.373492032289505,
    0.3533703088760376,
    0.30145540833473206,
    0.31768396496772766,
    0.31859225034713745,
    0.32915985584259033,
    0.288968026638031,
    0.34753039479255676
  ],
  "lr": [
    9.92403906890598e-05,
    9.330129698414118e-05,
    8.213945192680503e-05,
    6.710113876225479e-05,
    5.00002e-05,
    3.289926123774523e-05,
    1.786094807319497e-05,
    6.6991030158588215e-06,
    7.600093109402015e-07,
    7.600093109402015e-07
  ]
}