{
  "train_loss": [
    1.024260401725769,
    0.9334145188331604,
    1.0131386518478394,
    0.9229816794395447,
    0.9845278263092041,
    0.9559168815612793,
    1.0152181386947632,
    0.9607040286064148,
    0.9260022044181824,
    0.9653788805007935
  ],
  "val_loss": [
    0.701575517654419,
    1.0368732213974,
    0.7400764226913452,
    0.7368936538696289,
    0.6892718076705933,
    0.8425055146217346,
    0.6832519769668579,
    1.0149786472320557,
    0.7211904525756836,
    0.82952880859375
  ],
  "lr": [
    4e-06,
    4e-06,
    4e-06,
    4e-06,
    4e-06,
    4e-06,
    4e-06,
    4e-06,
    4e-06,
    4e-06
  ]
}