{
  "train_loss": [
    0.34860026836395264,
    0.34803882241249084,
    0.3462444543838501,
    0.317361980676651,
    0.2973800003528595,
    0.2982519567012787,
    0.282976359128952,
    0.2746923565864563,
    0.2720634937286377,
    0.2678832411766052,
    0.23525232076644897,
    0.22711943089962006,
    0.2180207222700119,
    0.19612109661102295,
    0.1886354684829712,
    0.1916397511959076,
    0.18511930108070374,
    0.18974806368350983,
    0.16705326735973358,
    0.16581754386425018,
    0.15265582501888275,
    0.1661679893732071,
    0.15109582245349884,
    0.15365837514400482,
    0.14736558496952057,
    0.14448916912078857,
    0.13573822379112244,
    0.1424318253993988,
    0.12670667469501495,
    0.14067624509334564,
    0.13429076969623566,
    0.13722731173038483,
    0.1337987333536148,
    0.12492167949676514,
    0.12054082751274109,
    0.12955133616924286,
    0.12901277840137482,
    0.12427271902561188,
    0.12192496657371521,
    0.11514289677143097,
    0.12675252556800842,
    0.13440698385238647,
    0.1237291693687439,
    0.11935830116271973,
    0.12295924872159958,
    0.12261197715997696,
    0.12024077028036118,
    0.13041377067565918,
    0.11959148943424225,
    0.12328071147203445
  ],
  "val_loss": [
    0.3428820073604584,
    0.407323956489563,
    0.33769330382347107,
    0.32840901613235474,
    0.3602989614009857,
    0.29270675778388977,
    0.2551141083240509,
    0.2760493755340576,
    0.2528473138809204,
    0.28306785225868225,
    0.22305409610271454,
    0.2226591259241104,
    0.22707554697990417,
    0.17372749745845795,
    0.17934618890285492,
    0.20911411941051483,
    0.1459352970123291,
    0.15117806196212769,
    0.20086628198623657,
    0.16036929190158844,
    0.14788392186164856,
    0.1675388067960739,
    0.16771210730075836,
    0.11798632144927979,
    0.15099090337753296,
    0.17146490514278412,
    0.14400465786457062,
    0.11607688665390015,
    0.11486560106277466,
    0.12670081853866577,
    0.12209224700927734,
    0.12133269757032394,
    0.1106470599770546,
    0.12807247042655945,
    0.09546384960412979,
    0.10259012877941132,
    0.11293432861566544,
    0.1429632604122162,
    0.1057991236448288,
    0.16583563387393951,
    0.08490970730781555,
    0.11147811263799667,
    0.1061592623591423,
    0.10003111511468887,
    0.14448928833007812,
    0.15267762541770935,
    0.12115524709224701,
    0.09582357108592987,
    0.12233821302652359,
    0.10746317356824875
  ],
  "lr": [
    1.8058874503045725e-05,
    5.2000000000000004e-05,
    8.594112549695428e-05,
    0.0001,
    9.987820300018117e-05,
    9.951340538346477e-05,
    9.890738440717014e-05,
    9.806309254457676e-05,
    9.698464310077126e-05,
    9.567729017303851e-05,
    9.414740305342778e-05,
    9.240243519820206e-05,
    9.045088791534851e-05,
    8.830226894706027e-05,
    8.596704614897249e-05,
    8.345659649182164e-05,
    8.078315063398786e-05,
    7.795973333495665e-05,
    7.50001e-05,
    7.191866966522452e-05,
    6.873045474947693e-05,
    6.54509879153485e-05,
    6.209624639560426e-05,
    5.8682574153710996e-05,
    5.5226602257690024e-05,
    5.174516785522572e-05,
    4.825523214477431e-05,
    4.477379774230999e-05,
    4.131782584628902e-05,
    3.7904153604395745e-05,
    3.454941208465151e-05,
    3.126994525052308e-05,
    2.8081730334775483e-05,
    2.5000300000000012e-05,
    2.2040666665043362e-05,
    1.9217249366012153e-05,
    1.654380350817838e-05,
    1.4033353851027519e-05,
    1.1698131052939729e-05,
    9.549512084651507e-06,
    7.5979648017979335e-06,
    5.852996946572223e-06,
    4.32310982696148e-06,
    3.0157568992287413e-06,
    1.937307455423243e-06,
    1.0930155928298623e-06,
    4.869946165352303e-07,
    1.221969998188421e-07,
    3.9999999999999996e-10,
    1.2219699981883653e-07
  ]
}