{
  "train_loss": [
    0.21715843677520752,
    0.18835457662741342,
    0.1575282116731008,
    0.13619878888130188,
    0.11368328332901001,
    0.11019173264503479,
    0.09374117602904637,
    0.09557139128446579,
    0.09299381822347641,
    0.09245870014031728
  ],
  "val_loss": [
    0.19554761052131653,
    0.1793798953294754,
    0.1310214400291443,
    0.1334245353937149,
    0.11160773038864136,
    0.11265894770622253,
    0.10945455729961395,
    0.11001630872488022,
    0.0789637491106987,
    0.08927471935749054
  ],
  "lr": [
    9.96619192394256e-05,
    9.468165328964255e-05,
    8.431214464510911e-05,
    6.980410908600463e-05,
    5.290742981655801e-05,
    3.5660095725092045e-05,
    2.0142389846579045e-05,
    8.22597652691547e-06,
    1.3481510799829258e-06,
    3.3848076057439724e-07
  ]
}