{
  "train_loss": [
    0.5282668173313141,
    0.49162183701992035,
    0.4530588835477829,
    0.4154098480939865,
    0.36716799437999725,
    0.3532525599002838,
    0.3231803774833679,
    0.34060657024383545,
    0.3379061669111252,
    0.33819667994976044
  ],
  "val_loss": [
    0.5153244137763977,
    0.5184522867202759,
    0.3473179340362549,
    0.3644886314868927,
    0.30364376306533813,
    0.3475407660007477,
    0.3027855157852173,
    0.3697085380554199,
    0.2950021028518677,
    0.3019588887691498
  ],
  "lr": [
    9.92403906890598e-05,
    9.330129698414118e-05,
    8.213945192680503e-05,
    6.710113876225479e-05,
    5.00002e-05,
    3.289926123774523e-05,
    1.786094807319497e-05,
    6.6991030158588215e-06,
    7.600093109402015e-07,
    7.600093109402015e-07
  ]
}