{
  "train_loss": [
    0.22058263421058655,
    0.1877741018931071,
    0.16045293708642325,
    0.1390525350968043,
    0.11720813562472661,
    0.10522303233544032,
    0.09830040981372197,
    0.09942817936340968,
    0.09804856528838475,
    0.0936054637034734
  ],
  "val_loss": [
    0.19403643906116486,
    0.17544560134410858,
    0.14454348385334015,
    0.11137104779481888,
    0.1063392236828804,
    0.0950298085808754,
    0.10474664717912674,
    0.09858349710702896,
    0.09970314800739288,
    0.10270464420318604
  ],
  "lr": [
    9.96619192394256e-05,
    9.468165328964255e-05,
    8.431214464510911e-05,
    6.980410908600463e-05,
    5.290742981655801e-05,
    3.5660095725092045e-05,
    2.0142389846579045e-05,
    8.22597652691547e-06,
    1.3481510799829258e-06,
    3.3848076057439724e-07
  ]
}