{
  "train_loss": [
    1.120334506034851,
    0.9556556344032288,
    0.9571725130081177,
    1.0481152534484863,
    0.8156337141990662,
    1.1132906675338745
  ],
  "val_loss": [
    0.8449767231941223,
    0.8527683019638062,
    1.188397765159607,
    0.8616753220558167,
    0.8823787569999695,
    1.1767327785491943
  ],
  "lr": [
    4e-06,
    4e-06,
    4e-06,
    4e-06,
    4e-06,
    4e-06
  ]
}