{
  "train_loss": [
    0.5462826490402222,
    0.5149926841259003,
    0.4809843897819519,
    0.4371514171361923,
    0.41283924877643585,
    0.39481307566165924,
    0.35295647382736206,
    0.3132622092962265,
    0.2984192371368408,
    0.2698590159416199,
    0.24076619744300842,
    0.21850712597370148,
    0.19822685420513153,
    0.17255078256130219,
    0.17876748740673065,
    0.15468937158584595,
    0.14340003579854965,
    0.12683312594890594,
    0.12862329185009003,
    0.11274422705173492,
    0.11460142210125923,
    0.11570196226239204,
    0.10233718156814575,
    0.09851687401533127,
    0.0881597027182579,
    0.09951018169522285,
    0.0891563706099987,
    0.08187254890799522,
    0.09273816645145416,
    0.08933282271027565,
    0.08911294117569923,
    0.09131843224167824,
    0.08888471126556396,
    0.08331353962421417,
    0.08707187697291374,
    0.08727201446890831,
    0.08366203308105469,
    0.08888456970453262,
    0.08743303641676903,
    0.09415599703788757,
    0.08313048258423805,
    0.08396270498633385,
    0.08434931188821793,
    0.08413424715399742,
    0.08576096221804619,
    0.08419864997267723
  ],
  "val_loss": [
    0.5031059384346008,
    0.44742316007614136,
    0.4391259551048279,
    0.3848813474178314,
    0.3795415163040161,
    0.3148217499256134,
    0.2975245714187622,
    0.3207986652851105,
    0.2868146300315857,
    0.24286381900310516,
    0.21110062301158905,
    0.19374960660934448,
    0.14305685460567474,
    0.17357729375362396,
    0.15860968828201294,
    0.12502700090408325,
    0.11891521513462067,
    0.09756886959075928,
    0.1483282595872879,
    0.12505272030830383,
    0.11388477683067322,
    0.14007940888404846,
    0.0952364057302475,
    0.09468358010053635,
    0.08615133911371231,
    0.07981865853071213,
    0.11907533556222916,
    0.11215310543775558,
    0.10954748094081879,
    0.07753414660692215,
    0.09159675985574722,
    0.07716427743434906,
    0.07783831655979156,
    0.09435880929231644,
    0.071001797914505,
    0.06425002217292786,
    0.09023417532444,
    0.0733673945069313,
    0.08326246589422226,
    0.07909336686134338,
    0.09382631629705429,
    0.07882272452116013,
    0.10052277892827988,
    0.09549477696418762,
    0.08598428964614868,
    0.10908552259206772
  ],
  "lr": [
    1.5229866730289061e-05,
    4.366488747198734e-05,
    7.599999999999999e-05,
    9.71052457977236e-05,
    9.99695414727894e-05,
    9.972609586403459e-05,
    9.92403906890598e-05,
    9.851479225465457e-05,
    9.755283560345442e-05,
    9.635920729156846e-05,
    9.49397225561491e-05,
    9.330129698414118e-05,
    9.145191282023757e-05,
    8.940058007818537e-05,
    8.715729264490463e-05,
    8.473297959127577e-05,
    8.213945192680503e-05,
    7.938934505757321e-05,
    7.649605722780741e-05,
    7.347368424498198e-05,
    7.033695080646141e-05,
    6.710113876225479e-05,
    6.378201266337879e-05,
    6.03957429585498e-05,
    5.6958827213383085e-05,
    5.348800973591151e-05,
    5.00002e-05,
    4.6512390264088486e-05,
    4.3041572786616935e-05,
    3.960465704145021e-05,
    3.621838733662121e-05,
    3.289926123774523e-05,
    2.9663449193538614e-05,
    2.6526715755018033e-05,
    2.350434277219261e-05,
    2.0611054942426808e-05,
    1.786094807319497e-05,
    1.5267420408724226e-05,
    1.2843107355095378e-05,
    1.0599819921814627e-05,
    8.548487179762428e-06,
    6.6991030158588215e-06,
    5.060677443850919e-06,
    3.641192708431548e-06,
    2.4475643965455825e-06,
    1.4856077453454317e-06
  ]
}