{
  "train_loss": [
    0.967915415763855,
    1.0475445985794067,
    0.9845816493034363,
    0.9062340259552002,
    0.90145343542099,
    0.8390396237373352,
    0.9613410234451294,
    0.7593872547149658,
    0.7455714344978333,
    0.78541499376297,
    0.7592816352844238,
    0.6362062096595764,
    0.6296485066413879,
    0.6210769414901733,
    0.5673478841781616,
    0.6625436544418335,
    0.5860925912857056,
    0.6081281304359436,
    0.5218251943588257,
    0.5349695086479187,
    0.4817517101764679,
    0.4991975426673889,
    0.44549742341041565,
    0.4500569999217987,
    0.3869713246822357,
    0.4452419579029083,
    0.4581664204597473,
    0.36395713686943054,
    0.36452624201774597,
    0.3461082875728607,
    0.3896307647228241,
    0.3345150053501129,
    0.311117947101593,
    0.3482116758823395,
    0.28746870160102844,
    0.33178433775901794,
    0.31105026602745056,
    0.35172632336616516,
    0.3233017325401306,
    0.3358229994773865,
    0.3583517372608185,
    0.29359856247901917
  ],
  "val_loss": [
    1.03141450881958,
    0.7307300567626953,
    0.8336460590362549,
    0.6664322018623352,
    0.7162973284721375,
    0.6104756593704224,
    0.6600152850151062,
    0.5592041015625,
    0.49571219086647034,
    0.5107063055038452,
    0.5828111171722412,
    0.5586199164390564,
    0.5129733085632324,
    0.5226569771766663,
    0.49185147881507874,
    0.3499862253665924,
    0.5587776899337769,
    0.4129159152507782,
    0.5156624913215637,
    0.3177727460861206,
    0.3041396141052246,
    0.352106511592865,
    0.2799071967601776,
    0.3444949984550476,
    0.338681161403656,
    0.40427365899086,
    0.2197885662317276,
    0.3822779059410095,
    0.2829191982746124,
    0.20117884874343872,
    0.35641297698020935,
    0.19176898896694183,
    0.2072729468345642,
    0.2652604579925537,
    0.261186420917511,
    0.25760331749916077,
    0.25451451539993286,
    0.24398477375507355,
    0.24199077486991882,
    0.3173654079437256,
    0.2462635338306427,
    0.3141680955886841
  ],
  "lr": [
    1.8058874503045725e-05,
    5.2000000000000004e-05,
    8.594112549695428e-05,
    0.0001,
    9.987820300018117e-05,
    9.951340538346477e-05,
    9.890738440717014e-05,
    9.806309254457676e-05,
    9.698464310077126e-05,
    9.567729017303851e-05,
    9.414740305342778e-05,
    9.240243519820206e-05,
    9.045088791534851e-05,
    8.830226894706027e-05,
    8.596704614897249e-05,
    8.345659649182164e-05,
    8.078315063398786e-05,
    7.795973333495665e-05,
    7.50001e-05,
    7.191866966522452e-05,
    6.873045474947693e-05,
    6.54509879153485e-05,
    6.209624639560426e-05,
    5.8682574153710996e-05,
    5.5226602257690024e-05,
    5.174516785522572e-05,
    4.825523214477431e-05,
    4.477379774230999e-05,
    4.131782584628902e-05,
    3.7904153604395745e-05,
    3.454941208465151e-05,
    3.126994525052308e-05,
    2.8081730334775483e-05,
    2.5000300000000012e-05,
    2.2040666665043362e-05,
    1.9217249366012153e-05,
    1.654380350817838e-05,
    1.4033353851027519e-05,
    1.1698131052939729e-05,
    9.549512084651507e-06,
    7.5979648017979335e-06,
    5.852996946572223e-06
  ]
}