{
  "train_loss": [
    0.2076035812497139,
    0.19109974801540375,
    0.17408280074596405,
    0.15383855998516083,
    0.147434800863266,
    0.14395377039909363,
    0.11649995669722557,
    0.1202610395848751,
    0.11090730875730515,
    0.11902602016925812
  ],
  "val_loss": [
    0.1981622278690338,
    0.16129548847675323,
    0.1476927101612091,
    0.1360546201467514,
    0.12106979638338089,
    0.14575666189193726,
    0.12129680067300797,
    0.11485112458467484,
    0.1013350859284401,
    0.14171849191188812
  ],
  "lr": [
    9.92403906890598e-05,
    9.330129698414118e-05,
    8.213945192680503e-05,
    6.710113876225479e-05,
    5.00002e-05,
    3.289926123774523e-05,
    1.786094807319497e-05,
    6.6991030158588215e-06,
    7.600093109402015e-07,
    7.600093109402015e-07
  ]
}