{
  "train_loss": [
    0.34412574768066406,
    0.3402484357357025,
    0.33928099274635315,
    0.3158154785633087,
    0.2939568758010864,
    0.2906716763973236,
    0.26130419969558716,
    0.2605805993080139,
    0.25098225474357605,
    0.237784281373024,
    0.22540119290351868,
    0.20404785871505737,
    0.21405884623527527,
    0.21210108697414398,
    0.18993879854679108,
    0.18578751385211945,
    0.16545777022838593,
    0.1543353796005249,
    0.15621742606163025,
    0.14262622594833374,
    0.1521635502576828,
    0.12784703075885773,
    0.13442160189151764,
    0.11850518733263016,
    0.12401340901851654,
    0.12658336758613586,
    0.1256783902645111,
    0.14179718494415283,
    0.12055491656064987,
    0.11768846958875656,
    0.11794744431972504,
    0.1085304468870163,
    0.11604293435811996,
    0.11281462758779526,
    0.10782362520694733,
    0.11404022574424744,
    0.10738182812929153,
    0.10655543953180313,
    0.10195150226354599,
    0.11315860599279404,
    0.10368604958057404,
    0.1100153848528862,
    0.10162941366434097,
    0.10453995317220688,
    0.10744164884090424
  ],
  "val_loss": [
    0.36024928092956543,
    0.3409215211868286,
    0.30687904357910156,
    0.2914992570877075,
    0.2953420877456665,
    0.2490547001361847,
    0.24401584267616272,
    0.21984273195266724,
    0.2410961240530014,
    0.2205805629491806,
    0.21330687403678894,
    0.2627163827419281,
    0.1755150705575943,
    0.19044391810894012,
    0.21183092892169952,
    0.16926725208759308,
    0.16271433234214783,
    0.1425745189189911,
    0.18427534401416779,
    0.16242222487926483,
    0.1756233423948288,
    0.13015906512737274,
    0.10808085650205612,
    0.1504262387752533,
    0.19798429310321808,
    0.0903242826461792,
    0.16709968447685242,
    0.08953378349542618,
    0.09461009502410889,
    0.11009639501571655,
    0.10472823679447174,
    0.07461939007043839,
    0.08331620693206787,
    0.0821615681052208,
    0.06988485157489777,
    0.0822436735033989,
    0.11723396182060242,
    0.09865613281726837,
    0.116930291056633,
    0.09554851800203323,
    0.1101834625005722,
    0.08062295615673065,
    0.09237701445817947,
    0.07435223460197449,
    0.1248120367527008
  ],
  "lr": [
    1.8058874503045725e-05,
    5.2000000000000004e-05,
    8.594112549695428e-05,
    0.0001,
    9.987820300018117e-05,
    9.951340538346477e-05,
    9.890738440717014e-05,
    9.806309254457676e-05,
    9.698464310077126e-05,
    9.567729017303851e-05,
    9.414740305342778e-05,
    9.240243519820206e-05,
    9.045088791534851e-05,
    8.830226894706027e-05,
    8.596704614897249e-05,
    8.345659649182164e-05,
    8.078315063398786e-05,
    7.795973333495665e-05,
    7.50001e-05,
    7.191866966522452e-05,
    6.873045474947693e-05,
    6.54509879153485e-05,
    6.209624639560426e-05,
    5.8682574153710996e-05,
    5.5226602257690024e-05,
    5.174516785522572e-05,
    4.825523214477431e-05,
    4.477379774230999e-05,
    4.131782584628902e-05,
    3.7904153604395745e-05,
    3.454941208465151e-05,
    3.126994525052308e-05,
    2.8081730334775483e-05,
    2.5000300000000012e-05,
    2.2040666665043362e-05,
    1.9217249366012153e-05,
    1.654380350817838e-05,
    1.4033353851027519e-05,
    1.1698131052939729e-05,
    9.549512084651507e-06,
    7.5979648017979335e-06,
    5.852996946572223e-06,
    4.32310982696148e-06,
    3.0157568992287413e-06,
    1.937307455423243e-06
  ]
}