{
  "train_loss": [
    0.5018225312232971,
    0.5123913884162903,
    0.5174545049667358,
    0.5272182822227478,
    0.5074514746665955,
    0.5083053112030029,
    0.4896509647369385,
    0.5190738439559937,
    0.49161243438720703
  ],
  "val_loss": [
    0.5414799451828003,
    0.49367591738700867,
    0.5879871845245361,
    0.485420823097229,
    0.5030428171157837,
    0.5296391248703003,
    0.5274626016616821,
    0.5505951046943665,
    0.4980052411556244
  ],
  "lr": [
    4e-06,
    4e-06,
    4e-06,
    4e-06,
    4e-06,
    4e-06,
    4e-06,
    4e-06,
    4e-06
  ]
}