{
  "train_loss": [
    0.5197506546974182,
    0.5538480877876282,
    0.4873313307762146,
    0.514863133430481,
    0.47305911779403687,
    0.4390198886394501,
    0.42716631293296814,
    0.43608558177948,
    0.37175795435905457,
    0.3385603427886963,
    0.35751670598983765,
    0.35780608654022217,
    0.31198951601982117,
    0.2857995629310608,
    0.30508628487586975,
    0.2999476492404938,
    0.28593847155570984,
    0.23362529277801514,
    0.22709137201309204,
    0.2596244215965271,
    0.25030747056007385,
    0.24773158133029938,
    0.20785321295261383,
    0.21147039532661438,
    0.22868196666240692,
    0.18683570623397827,
    0.18669289350509644,
    0.17054113745689392,
    0.17973798513412476,
    0.14683257043361664,
    0.18212902545928955,
    0.163240447640419,
    0.16486313939094543,
    0.17190156877040863
  ],
  "val_loss": [
    0.41907331347465515,
    0.49717625975608826,
    0.44916075468063354,
    0.5160735845565796,
    0.37099388241767883,
    0.3704371452331543,
    0.5297670960426331,
    0.3744797706604004,
    0.33121705055236816,
    0.3751172125339508,
    0.29937493801116943,
    0.2764303684234619,
    0.2164255529642105,
    0.40564316511154175,
    0.19250397384166718,
    0.23275552690029144,
    0.18500223755836487,
    0.27848687767982483,
    0.15829257667064667,
    0.15056394040584564,
    0.22067540884017944,
    0.21772821247577667,
    0.20460548996925354,
    0.11358687281608582,
    0.1900811642408371,
    0.14939065277576447,
    0.17458891868591309,
    0.17598986625671387,
    0.1706249713897705,
    0.14213867485523224,
    0.14773677289485931,
    0.2881055772304535,
    0.19961294531822205,
    0.15996301174163818
  ],
  "lr": [
    1.8058874503045725e-05,
    5.2000000000000004e-05,
    8.594112549695428e-05,
    0.0001,
    9.987820300018117e-05,
    9.951340538346477e-05,
    9.890738440717014e-05,
    9.806309254457676e-05,
    9.698464310077126e-05,
    9.567729017303851e-05,
    9.414740305342778e-05,
    9.240243519820206e-05,
    9.045088791534851e-05,
    8.830226894706027e-05,
    8.596704614897249e-05,
    8.345659649182164e-05,
    8.078315063398786e-05,
    7.795973333495665e-05,
    7.50001e-05,
    7.191866966522452e-05,
    6.873045474947693e-05,
    6.54509879153485e-05,
    6.209624639560426e-05,
    5.8682574153710996e-05,
    5.5226602257690024e-05,
    5.174516785522572e-05,
    4.825523214477431e-05,
    4.477379774230999e-05,
    4.131782584628902e-05,
    3.7904153604395745e-05,
    3.454941208465151e-05,
    3.126994525052308e-05,
    2.8081730334775483e-05,
    2.5000300000000012e-05
  ]
}