,State0,State1,State2
State0,0.9999998807907104,-0.05932534486055374,-0.005265675485134125
State1,-0.05932534486055374,1.0,0.04774928838014603
State2,-0.005265675485134125,0.04774928838014603,1.0
