{
  "train_loss": [
    1.020617961883545,
    0.9478240609169006,
    1.0564537048339844,
    0.9053842425346375,
    0.8940564393997192,
    0.9486523270606995,
    1.0131609439849854,
    0.9001181125640869
  ],
  "val_loss": [
    0.8540650606155396,
    0.8198626041412354,
    0.6868613958358765,
    1.021187663078308,
    0.8402718305587769,
    0.8616642951965332,
    1.0092484951019287,
    0.7191832661628723
  ],
  "lr": [
    4e-06,
    4e-06,
    4e-06,
    4e-06,
    4e-06,
    4e-06,
    4e-06,
    4e-06
  ]
}