{
  "train_loss": [
    0.9886927008628845,
    1.0739891529083252,
    0.9369326233863831,
    0.8418605923652649,
    1.0796421766281128,
    1.156739354133606,
    1.0549836158752441,
    0.9550963640213013
  ],
  "val_loss": [
    1.0375853776931763,
    0.8802005648612976,
    0.7398369908332825,
    1.023787260055542,
    0.8483087420463562,
    1.014864444732666,
    0.8025978207588196,
    0.8374499678611755
  ],
  "lr": [
    4e-06,
    4e-06,
    4e-06,
    4e-06,
    4e-06,
    4e-06,
    4e-06,
    4e-06
  ]
}